date,strategy_id,action,ticker,shares,price,commission,net_amount,cash_after,reason
2026-03-15,05,BUY,BAC,12.73015,46.72,4.95,-600.0,400.0,"Second highest score (73.0) in Financial Services sector, allocating ~33% of portfolio"
2026-03-15,05,BUY,PNC,2.94141,201.13,4.95,-596.8516,-196.8516,"Third highest score (72.9) in Financial Services sector, allocating ~28% of portfolio to reach max 3 positions while maintaining 5% cash reserve"
2026-03-16,05,SELL,BAC,12.73015,47.06,4.95,593.8313,396.9797,Financial sector no longer top-performing; Basic Materials sector (NEM score 80.6) shows 10+ point score gap indicating clearly better opportunity
2026-03-16,05,SELL,PNC,2.94141,200.75,4.95,585.2428,982.2226,Financial sector no longer top-performing; Basic Materials sector showing significantly stronger performance with multiple high-scoring candidates
2026-03-16,05,BUY,NEM,5.300767,110.19,4.95,-589.3336,392.889,"Top-ranked candidate with highest score (80.6) in strongest sector (Basic Materials), allocating ~60% of portfolio"
2026-03-16,05,BUY,LIN,1.167946,497.41,4.95,-586.1885,-193.2995,"Second-ranked candidate with strong score (77.4) in Basic Materials sector, allocating ~35% of portfolio for diversification"
2026-03-17,05,SELL,NEM,5.300767,111.04,4.95,583.3529,390.0534,Sector rotation strategy requires pivoting to Financial Services sector which dominates top 10 candidates with scores 80-84; NEM (Materials) no longer aligns with strongest performing sector
2026-03-17,05,SELL,LIN,1.167946,494.05,4.95,571.7852,961.8386,Sector rotation strategy requires pivoting to Financial Services sector which dominates top 10 candidates with scores 80-84; LIN (Materials) no longer aligns with strongest performing sector
2026-03-17,05,BUY,PNC,2.80437,203.92,4.95,-577.1031,384.7355,"Highest score (84.1) in top-performing Financial Services sector, allocating ~33% of portfolio"
2026-03-17,05,BUY,MS,3.603416,157.83,4.95,-573.9615,-189.226,"Third highest score (83.8) in top-performing Financial Services sector, allocating ~33% of portfolio"
2026-03-18,05,BUY,JPM,2.989764,287.74,4.95,-865.6548,96.1838,"Score 79.0, second-ranked candidate in the dominant Financial Services sector. Adding a third position diversifies within the sector while staying concentrated in top performers. Cash available ($961.84) allows a meaningful position while respecting the 5% cash reserve (~$105) and 60% single-stock cap. Allocating ~$850 to JPM leaves adequate reserve."
